name,genres,director,rating,year,time,actors
The Shawshank Redemption,['drama'],frank darabont,9.3,1994,2h 22m,"['tim robbins', 'morgan freeman', 'bob gunton', 'william sadler', 'clancy brown']"
The Godfather,"['crime', 'drama']",francis ford coppola,9.2,1972,2h 55m,"['marlon brando', 'al pacino', 'james caan', 'diane keaton', 'richard s. castellano']"
The Dark Knight,"['action', 'crime', 'drama']",christopher nolan,9.0,2008,2h 32m,"['christian bale', 'heath ledger', 'aaron eckhart', 'michael caine', 'maggie gyllenhaal']"
The Godfather Part II,"['crime', 'drama']",francis ford coppola,9.0,1974,3h 22m,"['al pacino', 'robert de niro', 'robert duvall', 'diane keaton', 'john cazale']"
12 Angry Men,"['crime', 'drama']",sidney lumet,9.0,1957,1h 36m,"['henry fonda', 'lee j. cobb', 'martin balsam', 'john fiedler', 'e.g. marshall']"
Schindler's List,"['biography', 'drama', 'history']",steven spielberg,9.0,1993,3h 15m,"['liam neeson', 'ralph fiennes', 'ben kingsley', 'caroline goodall', 'jonathan sagall']"
The Lord of the Rings: The Return of the King,"['action', 'adventure', 'drama']",peter jackson,9.0,2003,3h 21m,"['elijah wood', 'viggo mortensen', 'ian mckellen', 'orlando bloom', 'noel appleby']"
Pulp Fiction,"['crime', 'drama']",quentin tarantino,8.9,1994,2h 34m,"['john travolta', 'uma thurman', 'samuel l. jackson', 'bruce willis', 'tim roth']"
The Lord of the Rings: The Fellowship of the Ring,"['action', 'adventure', 'drama']",peter jackson,8.9,2001,2h 58m,"['elijah wood', 'ian mckellen', 'orlando bloom', 'sean bean', 'alan howard']"
"The Good, the Bad and the Ugly","['adventure', 'western']",sergio leone,8.8,1966,2h 41m,"['clint eastwood', 'eli wallach', 'lee van cleef', 'aldo giuffrè', 'luigi pistilli']"
Forrest Gump,"['drama', 'romance']",robert zemeckis,8.8,1994,2h 22m,"['tom hanks', 'robin wright', 'gary sinise', 'sally field', 'rebecca williams']"
The Lord of the Rings: The Two Towers,"['action', 'adventure', 'drama']",peter jackson,8.8,2002,2h 59m,"['elijah wood', 'ian mckellen', 'viggo mortensen', 'orlando bloom', 'bruce allpress']"
Fight Club,['drama'],david fincher,8.8,1999,2h 19m,"['brad pitt', 'edward norton', 'meat loaf', 'zach grenier', 'richmond arquette']"
Inception,"['action', 'adventure', 'sci-fi']",christopher nolan,8.8,2010,2h 28m,"['leonardo dicaprio', 'joseph gordon-levitt', 'elliot page', 'ken watanabe', 'tom hardy']"
Star Wars: Episode V - The Empire Strikes Back,"['action', 'adventure', 'fantasy']",irvin kershner,8.7,1980,2h 4m,"['mark hamill', 'harrison ford', 'carrie fisher', 'billy dee williams', 'anthony daniels']"
The Matrix,"['action', 'sci-fi']",lana wachowskililly wachowski,8.7,1999,2h 16m,"['keanu reeves', 'laurence fishburne', 'carrie-anne moss', 'hugo weaving', 'gloria foster']"
GoodFellas,"['biography', 'crime', 'drama']",martin scorsese,8.7,1990,2h 25m,"['robert de niro', 'ray liotta', 'joe pesci', 'lorraine bracco', 'paul sorvino']"
One Flew Over the Cuckoo's Nest,['drama'],milos forman,8.7,1975,2h 13m,"['jack nicholson', 'louise fletcher', 'michael berryman', 'peter brocco', 'dean r. brooks']"
Se7en,"['crime', 'drama', 'mystery']",david fincher,8.6,1995,2h 7m,"['morgan freeman', 'brad pitt', 'kevin spacey', 'andrew kevin walker', 'daniel zacapa']"
It's a Wonderful Life,"['drama', 'family', 'fantasy']",frank capra,8.6,1946,2h 10m,"['james stewart', 'donna reed', 'lionel barrymore', 'thomas mitchell', 'henry travers']"
Interstellar,"['adventure', 'drama', 'sci-fi']",christopher nolan,8.7,2014,2h 49m,"['matthew mcconaughey', 'anne hathaway', 'jessica chastain', 'mackenzie foy', 'ellen burstyn']"
Seven Samurai,"['action', 'drama']",akira kurosawa,8.6,1954,3h 27m,"['toshirô mifune', 'takashi shimura', 'keiko tsushima', 'yukiko shimazaki', 'kamatari fujiwara']"
The Silence of the Lambs,"['crime', 'drama', 'thriller']",jonathan demme,8.6,1991,1h 58m,"['jodie foster', 'anthony hopkins', 'scott glenn', 'ted levine', 'anthony heald']"
Saving Private Ryan,"['drama', 'war']",steven spielberg,8.6,1998,2h 49m,"['tom hanks', 'matt damon', 'tom sizemore', 'edward burns', 'barry pepper']"
City of God,"['crime', 'drama']",fernando meirelleskátia lund,8.6,2002,2h 10m,"['alexandre rodrigues', 'leandro firmino', 'matheus nachtergaele', 'phellipe haagensen', 'douglas silva']"
Life Is Beautiful,"['comedy', 'drama', 'romance']",roberto benigni,8.6,1997,1h 56m,"['roberto benigni', 'nicoletta braschi', 'giorgio cantarini', 'giustino durano', 'sergio bini bustric']"
The Green Mile,"['crime', 'drama', 'fantasy']",frank darabont,8.6,1999,3h 9m,"['tom hanks', 'michael clarke duncan', 'david morse', 'bonnie hunt', 'james cromwell']"
Terminator 2: Judgment Day,"['action', 'sci-fi']",james cameron,8.6,1991,2h 17m,"['arnold schwarzenegger', 'linda hamilton', 'edward furlong', 'robert patrick', 'earl boen']"
Star Wars,"['action', 'adventure', 'fantasy']",george lucas,8.6,1977,2h 1m,"['mark hamill', 'harrison ford', 'carrie fisher', 'alec guinness', 'peter cushing']"
Back to the Future,"['adventure', 'comedy', 'sci-fi']",robert zemeckis,8.5,1985,1h 56m,"['michael j. fox', 'christopher lloyd', 'lea thompson', 'crispin glover', 'tom wilson']"
Spirited Away,"['animation', 'adventure', 'family']",hayao miyazaki,8.6,2001,2h 5m,"['daveigh chase', 'suzanne pleshette', 'miyu irino', 'rumi hiiragi', 'mari natsuki']"
Spider-Man: Across the Spider-Verse,"['animation', 'action', 'adventure']",joaquim dos santoskemp powersjustin k. thompson,8.6,2023,2h 20m,"['shameik moore', 'hailee steinfeld', 'brian tyree henry', 'luna lauren velez', 'jake johnson']"
The Pianist,"['biography', 'drama', 'music']",roman polanski,8.5,2002,2h 30m,"['adrien brody', 'thomas kretschmann', 'frank finlay', 'emilia fox', 'michal zebrowski']"
Gisaengchung,"['drama', 'thriller']",bong joon ho,8.5,2019,2h 12m,"['song kang-ho', 'lee sun-kyun', 'cho yeo-jeong', 'choi woo-sik', 'park so-dam']"
Psycho,"['horror', 'mystery', 'thriller']",alfred hitchcock,8.5,1960,1h 49m,"['anthony perkins', 'janet leigh', 'vera miles', 'john gavin', 'martin balsam']"
Gladiator,"['action', 'adventure', 'drama']",ridley scott,8.5,2000,2h 35m,"['russell crowe', 'joaquin phoenix', 'connie nielsen', 'oliver reed', 'richard harris']"
The Lion King,"['animation', 'adventure', 'drama']",roger allersrob minkoff,8.5,1994,1h 28m,"['matthew broderick', 'jeremy irons', 'james earl jones', 'whoopi goldberg', 'rowan atkinson']"
Léon,"['action', 'crime', 'drama']",luc besson,8.5,1994,1h 50m,"['jean reno', 'gary oldman', 'natalie portman', 'danny aiello', 'peter appel']"
The Departed,"['crime', 'drama', 'thriller']",martin scorsese,8.5,2006,2h 31m,"['leonardo dicaprio', 'matt damon', 'jack nicholson', 'mark wahlberg', 'martin sheen']"
American History X,"['crime', 'drama']",tony kaye,8.5,1998,1h 59m,"['edward norton', 'edward furlong', ""beverly d'angelo"", 'jennifer lien', 'ethan suplee']"
Whiplash,"['drama', 'music']",damien chazelle,8.5,2014,1h 46m,"['miles teller', 'j.k. simmons', 'melissa benoist', 'paul reiser', 'austin stowell']"
The Prestige,"['drama', 'mystery', 'sci-fi']",christopher nolan,8.5,2006,2h 10m,"['christian bale', 'hugh jackman', 'scarlett johansson', 'michael caine', 'piper perabo']"
Grave of the Fireflies,"['animation', 'drama', 'war']",isao takahata,8.5,1988,1h 29m,"['tsutomu tatsumi', 'ayano shiraishi', 'akemi yamaguchi', 'yoshiko shinohara', 'kôzô hashida']"
Harakiri,"['action', 'drama', 'mystery']",masaki kobayashi,8.6,1962,2h 13m,"['tatsuya nakadai', 'akira ishihama', 'shima iwashita', 'tetsurô tanba', 'masao mishima']"
The Usual Suspects,"['crime', 'drama', 'mystery']",bryan singer,8.5,1995,1h 46m,"['kevin spacey', 'gabriel byrne', 'chazz palminteri', 'stephen baldwin', 'benicio del toro']"
Casablanca,"['drama', 'romance', 'war']",michael curtiz,8.5,1942,1h 42m,"['humphrey bogart', 'ingrid bergman', 'paul henreid', 'claude rains', 'conrad veidt']"
Intouchables,"['comedy', 'drama']",olivier nakacheéric toledano,8.5,2011,1h 52m,"['françois cluzet', 'omar sy', 'anne le ny', 'audrey fleurot', 'joséphine de meaux']"
Modern Times,"['comedy', 'drama', 'romance']",charles chaplin,8.5,1936,1h 27m,"['charles chaplin', 'paulette goddard', 'henry bergman', 'tiny sandford', 'chester conklin']"
Cinema Paradiso,"['drama', 'romance']",giuseppe tornatore,8.5,1988,2h 54m,"['philippe noiret', 'enzo cannavale', 'antonella attili', 'isa danieli', 'leo gullotta']"
12th Fail,"['biography', 'drama']",vidhu vinod chopra,9.1,2023,2h 27m,"['vikrant massey', 'medha shankr', 'joshi anantvijay', 'anshuman pushkar', 'geeta agrawal sharma']"
Rear Window,"['mystery', 'thriller']",alfred hitchcock,8.5,1954,1h 52m,"['james stewart', 'grace kelly', 'wendell corey', 'thelma ritter', 'raymond burr']"
Once Upon a Time in the West,['western'],sergio leone,8.5,1968,2h 46m,"['henry fonda', 'charles bronson', 'claudia cardinale', 'jason robards', 'gabriele ferzetti']"
Alien,"['horror', 'sci-fi']",ridley scott,8.5,1979,1h 57m,"['sigourney weaver', 'tom skerritt', 'john hurt', 'veronica cartwright', 'harry dean stanton']"
City Lights,"['comedy', 'drama', 'romance']",charles chaplin,8.5,1931,1h 27m,"['charles chaplin', 'virginia cherrill', 'florence lee', 'harry myers', 'al ernest garcia']"
Apocalypse Now,"['drama', 'mystery', 'war']",francis ford coppola,8.4,1979,2h 27m,"['martin sheen', 'marlon brando', 'robert duvall', 'frederic forrest', 'sam bottoms']"
Django Unchained,"['drama', 'western']",quentin tarantino,8.5,2012,2h 45m,"['jamie foxx', 'christoph waltz', 'leonardo dicaprio', 'kerry washington', 'samuel l. jackson']"
Memento,"['mystery', 'thriller']",christopher nolan,8.4,2000,1h 53m,"['guy pearce', 'carrie-anne moss', 'joe pantoliano', 'mark boone junior', 'russ fega']"
WALL·E,"['animation', 'adventure', 'family']",andrew stanton,8.4,2008,1h 38m,"['ben burtt', 'elissa knight', 'jeff garlin', 'fred willard', 'macintalk']"
Raiders of the Lost Ark,"['action', 'adventure']",steven spielberg,8.4,1981,1h 55m,"['harrison ford', 'karen allen', 'paul freeman', 'john rhys-davies', 'ronald lacey']"
Das Leben der Anderen,"['drama', 'mystery', 'thriller']",florian henckel von donnersmarck,8.4,2006,2h 17m,"['ulrich mühe', 'martina gedeck', 'sebastian koch', 'ulrich tukur', 'thomas thieme']"
Sunset Blvd.,"['drama', 'film-noir']",billy wilder,8.4,1950,1h 50m,"['william holden', 'gloria swanson', 'erich von stroheim', 'nancy olson', 'fred clark']"
Paths of Glory,"['drama', 'war']",stanley kubrick,8.4,1957,1h 28m,"['kirk douglas', 'ralph meeker', 'adolphe menjou', 'george macready', 'wayne morris']"
Avengers: Infinity War,"['action', 'adventure', 'sci-fi']",anthony russojoe russo,8.4,2018,2h 29m,"['robert downey jr.', 'chris hemsworth', 'mark ruffalo', 'chris evans', 'scarlett johansson']"
Spider-Man: Into the Spider-Verse,"['animation', 'action', 'adventure']",bob persichettipeter ramseyrodney rothman,8.4,2018,1h 57m,"['shameik moore', 'jake johnson', 'hailee steinfeld', 'mahershala ali', 'brian tyree henry']"
The Shining,"['drama', 'horror']",stanley kubrick,8.4,1980,2h 26m,"['jack nicholson', 'shelley duvall', 'danny lloyd', 'scatman crothers', 'barry nelson']"
Witness for the Prosecution,"['crime', 'drama', 'mystery']",billy wilder,8.4,1957,1h 56m,"['tyrone power', 'marlene dietrich', 'charles laughton', 'elsa lanchester', 'john williams']"
The Great Dictator,"['comedy', 'drama', 'war']",charles chaplin,8.4,1940,2h 5m,"['charles chaplin', 'paulette goddard', 'jack oakie', 'reginald gardiner', 'henry daniell']"
Alien 2,"['action', 'adventure', 'sci-fi']",james cameron,8.4,1986,2h 17m,"['sigourney weaver', 'michael biehn', 'carrie henn', 'paul reiser', 'lance henriksen']"
Inglourious Basterds,"['adventure', 'drama', 'war']",quentin tarantino,8.4,2009,2h 33m,"['brad pitt', 'diane kruger', 'eli roth', 'mélanie laurent', 'christoph waltz']"
The Dark Knight Rises,"['action', 'drama', 'thriller']",christopher nolan,8.4,2012,2h 44m,"['christian bale', 'tom hardy', 'anne hathaway', 'gary oldman', 'joseph gordon-levitt']"
Dr,"['comedy', 'war']",stanley kubrick,8.4,1964,1h 35m,"['peter sellers', 'george c. scott', 'sterling hayden', 'keenan wynn', 'slim pickens']"
American Beauty,['drama'],sam mendes,8.3,1999,2h 2m,"['kevin spacey', 'annette bening', 'thora birch', 'wes bentley', 'mena suvari']"
Oldboy,"['action', 'drama', 'mystery']",park chan-wook,8.3,2003,2h,"['choi min-sik', 'yoo ji-tae', 'kang hye-jeong', 'kim byeong-ok', 'ji dae-han']"
Coco,"['animation', 'adventure', 'drama']",lee unkrichadrian molina,8.4,2017,1h 45m,"['anthony gonzalez', 'gael garcía bernal', 'benjamin bratt', 'alanna ubach', 'renee victor']"
Amadeus,"['biography', 'drama', 'music']",milos forman,8.4,1984,2h 40m,"['f. murray abraham', 'tom hulce', 'elizabeth berridge', 'roy dotrice', 'simon callow']"
Toy Story,"['animation', 'adventure', 'comedy']",john lasseter,8.3,1995,1h 21m,"['tom hanks', 'tim allen', 'don rickles', 'jim varney', 'wallace shawn']"
Das Boot,"['drama', 'war']",wolfgang petersen,8.4,1981,2h 29m,"['jürgen prochnow', 'herbert grönemeyer', 'klaus wennemann', 'hubertus bengsch', 'martin semmelrogge']"
Braveheart,"['biography', 'drama', 'history']",mel gibson,8.3,1995,2h 58m,"['mel gibson', 'sophie marceau', 'patrick mcgoohan', 'angus macfadyen', 'james robinson']"
Avengers: Endgame,"['action', 'adventure', 'drama']",anthony russojoe russo,8.4,2019,3h 1m,"['robert downey jr.', 'chris evans', 'mark ruffalo', 'chris hemsworth', 'scarlett johansson']"
Joker,"['crime', 'drama', 'thriller']",todd phillips,8.4,2019,2h 2m,"['joaquin phoenix', 'robert de niro', 'zazie beetz', 'frances conroy', 'brett cullen']"
Princess Mononoke,"['animation', 'action', 'adventure']",hayao miyazaki,8.3,1997,2h 14m,"['yôji matsuda', 'yuriko ishida', 'yûko tanaka', 'billy crudup', 'billy bob thornton']"
Good Will Hunting,"['drama', 'romance']",gus van sant,8.3,1997,2h 6m,"['robin williams', 'matt damon', 'ben affleck', 'stellan skarsgård', 'john mighton']"
Oppenheimer,"['biography', 'drama', 'history']",christopher nolan,8.4,2023,3h,"['cillian murphy', 'emily blunt', 'matt damon', 'robert downey jr.', 'alden ehrenreich']"
Your Name.,"['animation', 'drama', 'fantasy']",makoto shinkai,8.4,2016,1h 46m,"['ryunosuke kamiki', 'mone kamishiraishi', 'ryo narita', 'aoi yûki', 'nobunaga shimazaki']"
Once Upon a Time in America,"['crime', 'drama']",sergio leone,8.3,1984,3h 49m,"['robert de niro', 'james woods', 'elizabeth mcgovern', 'treat williams', 'tuesday weld']"
High and Low,"['crime', 'drama', 'mystery']",akira kurosawa,8.4,1963,2h 23m,"['toshirô mifune', 'yutaka sada', 'tatsuya nakadai', 'kyôko kagawa', 'tatsuya mihashi']"
3 Idiots,"['comedy', 'drama']",rajkumar hirani,8.4,2009,2h 50m,"['aamir khan', 'madhavan', 'mona singh', 'sharman joshi', 'kareena kapoor']"
Singin' in the Rain,"['comedy', 'musical', 'romance']",stanley donengene kelly,8.3,1952,1h 43m,"['gene kelly', ""donald o'connor"", 'debbie reynolds', 'jean hagen', 'millard mitchell']"
Capernaum,['drama'],nadine labaki,8.4,2018,2h 6m,"['zain al rafeea', 'yordanos shiferaw', 'boluwatife treasure bankole', 'kawsar al haddad', 'fadi yousef']"
Requiem for a Dream,['drama'],darren aronofsky,8.3,2000,1h 42m,"['ellen burstyn', 'jared leto', 'jennifer connelly', 'marlon wayans', 'christopher mcdonald']"
Come and See,"['drama', 'thriller', 'war']",elem klimov,8.4,1985,2h 22m,"['aleksey kravchenko', 'olga mironova', 'liubomiras laucevicius', 'vladas bagdonas', 'jüri lumiste']"
Toy Story 3,"['animation', 'adventure', 'comedy']",lee unkrich,8.3,2010,1h 43m,"['tom hanks', 'tim allen', 'joan cusack', 'ned beatty', 'don rickles']"
Star Wars: Episode VI - Return of the Jedi,"['action', 'adventure', 'fantasy']",richard marquand,8.3,1983,2h 11m,"['mark hamill', 'harrison ford', 'carrie fisher', 'billy dee williams', 'anthony daniels']"
Poor Things,"['comedy', 'drama', 'romance']",yorgos lanthimos,8.4,2023,2h 21m,"['emma stone', 'mark ruffalo', 'willem dafoe', 'ramy youssef', 'jack barton']"
Eternal Sunshine of the Spotless Mind,"['drama', 'romance', 'sci-fi']",michel gondry,8.3,2004,1h 48m,"['jim carrey', 'kate winslet', 'tom wilkinson', 'gerry robert byrne', 'elijah wood']"
Jagten,['drama'],thomas vinterberg,8.3,2012,1h 55m,"['mads mikkelsen', 'thomas bo larsen', 'annika wedderkopp', 'lasse fogelstrøm', 'susse wold']"
2001: A Space Odyssey,"['adventure', 'sci-fi']",stanley kubrick,8.3,1968,2h 29m,"['keir dullea', 'gary lockwood', 'william sylvester', 'daniel richter', 'leonard rossiter']"
Reservoir Dogs,"['crime', 'thriller']",quentin tarantino,8.3,1992,1h 39m,"['harvey keitel', 'tim roth', 'michael madsen', 'chris penn', 'steve buscemi']"
Ikiru,['drama'],akira kurosawa,8.3,1952,2h 23m,"['takashi shimura', 'nobuo kaneko', ""shin'ichi himori"", 'haruo tanaka', 'minoru chiaki']"
Lawrence of Arabia,"['adventure', 'biography', 'drama']",david lean,8.3,1962,3h 38m,"[""peter o'toole"", 'alec guinness', 'anthony quinn', 'jack hawkins', 'omar sharif']"
The Apartment,"['comedy', 'drama', 'romance']",billy wilder,8.3,1960,2h 5m,"['jack lemmon', 'shirley maclaine', 'fred macmurray', 'ray walston', 'jack kruschen']"
Citizen Kane,"['drama', 'mystery']",orson welles,8.3,1941,1h 59m,"['orson welles', 'joseph cotten', 'dorothy comingore', 'agnes moorehead', 'ruth warrick']"
North by Northwest,"['action', 'adventure', 'mystery']",alfred hitchcock,8.3,1959,2h 16m,"['cary grant', 'eva marie saint', 'james mason', 'jessie royce landis', 'leo g. carroll']"
M,"['crime', 'mystery', 'thriller']",fritz lang,8.3,1931,1h 57m,"['peter lorre', 'ellen widmann', 'inge landgut', 'otto wernicke', 'theodor loos']"
Vertigo,"['mystery', 'romance', 'thriller']",alfred hitchcock,8.3,1958,2h 8m,"['james stewart', 'kim novak', 'barbara bel geddes', 'tom helmore', 'henry jones']"
Double Indemnity,"['crime', 'drama', 'film-noir']",billy wilder,8.3,1944,1h 47m,"['fred macmurray', 'barbara stanwyck', 'edward g. robinson', 'byron barr', 'porter hall']"
Scarface,"['crime', 'drama']",brian de palma,8.3,1983,2h 50m,"['al pacino', 'michelle pfeiffer', 'steven bauer', 'mary elizabeth mastrantonio', 'robert loggia']"
Incendies,"['drama', 'mystery', 'war']",denis villeneuve,8.3,2010,2h 11m,"['lubna azabal', 'mélissa désormeaux-poulin', 'maxim gaudette', 'mustafa kamel', 'hussein sami']"
Amélie,"['comedy', 'romance']",jean-pierre jeunet,8.3,2001,2h 2m,"['audrey tautou', 'mathieu kassovitz', 'rufus', 'lorella cravotta', 'serge merlin']"
Full Metal Jacket,"['drama', 'war']",stanley kubrick,8.3,1987,1h 56m,"['matthew modine', 'r. lee ermey', ""vincent d'onofrio"", 'adam baldwin', 'dorian harewood']"
Naranja mecánica,"['crime', 'sci-fi']",stanley kubrick,8.3,1971,2h 16m,"['malcolm mcdowell', 'patrick magee', 'michael bates', 'warren clarke', 'john clive']"
Heat,"['action', 'crime', 'drama']",michael mann,8.3,1995,2h 50m,"['al pacino', 'robert de niro', 'val kilmer', 'jon voight', 'tom sizemore']"
Up,"['animation', 'adventure', 'comedy']",pete docterbob peterson,8.3,2009,1h 36m,"['edward asner', 'jordan nagai', 'john ratzenberger', 'christopher plummer', 'bob peterson']"
To Kill a Mockingbird,"['crime', 'drama']",robert mulligan,8.3,1962,2h 9m,"['gregory peck', 'john megna', 'frank overton', 'rosemary murphy', 'ruth white']"
The Sting,"['comedy', 'crime', 'drama']",george roy hill,8.3,1973,2h 9m,"['paul newman', 'robert redford', 'robert shaw', 'charles durning', 'ray walston']"
Jodaeiye Nader az Simin,['drama'],asghar farhadi,8.3,2011,2h 3m,"['payman maadi', 'leila hatami', 'sareh bayat', 'shahab hosseini', 'sarina farhadi']"
Indiana Jones and the Last Crusade,"['action', 'adventure']",steven spielberg,8.2,1989,2h 7m,"['harrison ford', 'sean connery', 'alison doody', 'denholm elliott', 'john rhys-davies']"
Die Hard,"['action', 'thriller']",john mctiernan,8.2,1988,2h 12m,"['bruce willis', 'alan rickman', 'bonnie bedelia', 'reginald veljohnson', 'paul gleason']"
Hamilton,"['biography', 'drama', 'history']",thomas kail,8.3,2020,2h 40m,"['lin-manuel miranda', 'phillipa soo', 'leslie odom jr.', 'renée elise goldsberry', 'daveed diggs']"
Metropolis,"['drama', 'sci-fi']",fritz lang,8.3,1927,2h 33m,"['brigitte helm', 'alfred abel', 'gustav fröhlich', 'rudolf klein-rogge', 'fritz rasp']"
Taare Zameen Par,"['drama', 'family']",aamir khanamole gupte,8.3,2007,2h 42m,"['darsheel safary', 'aamir khan', 'tanay chheda', 'sachet engineer', 'tisca chopra']"
Snatch,"['comedy', 'crime']",guy ritchie,8.2,2000,1h 44m,"['jason statham', 'brad pitt', 'stephen graham', 'vinnie jones', 'ade']"
Ladri di biciclette,['drama'],vittorio de sica,8.3,1948,1h 29m,"['lamberto maggiorani', 'enzo staiola', 'lianella carell', 'elena altieri', 'gino saltamerenda']"
L.A,"['crime', 'drama', 'mystery']",curtis hanson,8.2,1997,2h 18m,"['kevin spacey', 'russell crowe', 'guy pearce', 'kim basinger', 'james cromwell']"
1917,"['action', 'drama', 'war']",sam mendes,8.2,2019,1h 59m,"['dean-charles chapman', 'george mackay', 'daniel mays', 'colin firth', 'pip carter']"
Taxi Driver,"['crime', 'drama']",martin scorsese,8.2,1976,1h 54m,"['robert de niro', 'jodie foster', 'cybill shepherd', 'albert brooks', 'diahnne abbott']"
Der Untergang,"['biography', 'drama', 'history']",oliver hirschbiegel,8.2,2004,2h 36m,"['bruno ganz', 'alexandra maria lara', 'ulrich matthes', 'juliane köhler', 'corinna harfouch']"
Dangal,"['action', 'biography', 'drama']",nitesh tiwari,8.3,2016,2h 41m,"['aamir khan', 'sakshi tanwar', 'fatima sana shaikh', 'sanya malhotra', 'aparshakti khurana']"
For a Few Dollars More,"['drama', 'western']",sergio leone,8.2,1965,2h 12m,"['clint eastwood', 'lee van cleef', 'gian maria volontè', 'mara krupp', 'luigi pistilli']"
Batman Begins,"['action', 'crime', 'drama']",christopher nolan,8.2,2005,2h 20m,"['christian bale', 'michael caine', 'ken watanabe', 'liam neeson', 'katie holmes']"
Some Like It Hot,"['comedy', 'music', 'romance']",billy wilder,8.2,1959,2h 1m,"['marilyn monroe', 'tony curtis', 'jack lemmon', 'george raft', ""pat o'brien""]"
The Wolf of Wall Street,"['biography', 'comedy', 'crime']",martin scorsese,8.2,2013,3h,"['leonardo dicaprio', 'jonah hill', 'margot robbie', 'matthew mcconaughey', 'kyle chandler']"
The Kid,"['comedy', 'drama', 'family']",charles chaplin,8.2,1921,1h 8m,"['charles chaplin', 'edna purviance', 'jackie coogan', 'carl miller', 'albert austin']"
Green Book,"['biography', 'comedy', 'drama']",peter farrelly,8.2,2018,2h 10m,"['viggo mortensen', 'mahershala ali', 'linda cardellini', 'sebastian maniscalco', 'dimiter d. marinov']"
The Father,"['drama', 'mystery']",florian zeller,8.2,2020,1h 37m,"['anthony hopkins', 'olivia colman', 'mark gatiss', 'olivia williams', 'imogen poots']"
Top Gun: Maverick,"['action', 'drama']",joseph kosinski,8.3,2022,2h 10m,"['tom cruise', 'jennifer connelly', 'miles teller', 'val kilmer', 'bashir salahuddin']"
Judgment at Nuremberg,"['drama', 'war']",stanley kramer,8.3,1961,2h 59m,"['spencer tracy', 'burt lancaster', 'richard widmark', 'marlene dietrich', 'maximilian schell']"
All About Eve,['drama'],joseph l. mankiewicz,8.2,1950,2h 18m,"['bette davis', 'anne baxter', 'george sanders', 'celeste holm', 'gary merrill']"
The Truman Show,"['comedy', 'drama']",peter weir,8.2,1998,1h 43m,"['jim carrey', 'ed harris', 'laura linney', 'noah emmerich', 'natascha mcelhone']"
There Will Be Blood,['drama'],paul thomas anderson,8.2,2007,2h 38m,"['daniel day-lewis', 'paul dano', 'ciarán hinds', 'martin stringer', 'matthew braden stringer']"
Shutter Island,"['mystery', 'thriller']",martin scorsese,8.2,2010,2h 18m,"['leonardo dicaprio', 'emily mortimer', 'mark ruffalo', 'ben kingsley', 'max von sydow']"
Casino,"['crime', 'drama']",martin scorsese,8.2,1995,2h 58m,"['robert de niro', 'sharon stone', 'joe pesci', 'james woods', 'don rickles']"
Ran,"['action', 'drama', 'war']",akira kurosawa,8.2,1985,2h 40m,"['tatsuya nakadai', 'akira terao', 'jinpachi nezu', 'daisuke ryû', 'mieko harada']"
Jurassic Park,"['action', 'adventure', 'sci-fi']",steven spielberg,8.2,1993,2h 7m,"['sam neill', 'laura dern', 'jeff goldblum', 'richard attenborough', 'bob peck']"
The Sixth Sense,"['drama', 'mystery', 'thriller']",m. night shyamalan,8.2,1999,1h 47m,"['bruce willis', 'haley joel osment', 'toni collette', 'olivia williams', 'trevor morgan']"
El laberinto del fauno,"['drama', 'fantasy', 'war']",guillermo del toro,8.2,2006,1h 58m,"['ivana baquero', 'ariadna gil', 'sergi lópez', 'maribel verdú', 'doug jones']"
Unforgiven,"['drama', 'western']",clint eastwood,8.2,1992,2h 10m,"['clint eastwood', 'gene hackman', 'morgan freeman', 'richard harris', 'jaimz woolvett']"
A Beautiful Mind,"['biography', 'drama', 'mystery']",ron howard,8.2,2001,2h 15m,"['russell crowe', 'ed harris', 'jennifer connelly', 'christopher plummer', 'paul bettany']"
No Country for Old Men,"['crime', 'drama', 'thriller']",ethan coenjoel coen,8.2,2007,2h 2m,"['tommy lee jones', 'javier bardem', 'josh brolin', 'woody harrelson', 'kelly macdonald']"
The Treasure of the Sierra Madre,"['adventure', 'drama', 'western']",john huston,8.2,1948,2h 6m,"['humphrey bogart', 'walter huston', 'tim holt', 'bruce bennett', 'barton maclane']"
The Thing,"['horror', 'mystery', 'sci-fi']",john carpenter,8.2,1982,1h 49m,"['kurt russell', 'wilford brimley', 'keith david', 'richard masur', 't.k. carter']"
Yojimbo,"['action', 'drama', 'thriller']",akira kurosawa,8.2,1961,1h 50m,"['toshirô mifune', 'eijirô tôno', 'tatsuya nakadai', 'yôko tsukasa', 'isuzu yamada']"
Kill Bill: Vol,"['action', 'crime', 'thriller']",quentin tarantino,8.2,2003,1h 51m,"['uma thurman', 'david carradine', 'daryl hannah', 'michael madsen', 'lucy liu']"
Monty Python and the Holy Grail,"['adventure', 'comedy', 'fantasy']",terry gilliamterry jones,8.2,1975,1h 31m,"['graham chapman', 'john cleese', 'eric idle', 'terry gilliam', 'terry jones']"
The Great Escape,"['adventure', 'drama', 'history']",john sturges,8.2,1963,2h 52m,"['steve mcqueen', 'james garner', 'richard attenborough', 'charles bronson', 'james donald']"
Finding Nemo,"['animation', 'adventure', 'comedy']",andrew stantonlee unkrich,8.2,2003,1h 40m,"['albert brooks', 'ellen degeneres', 'alexander gould', 'willem dafoe', 'brad garrett']"
Rashomon,"['crime', 'drama', 'mystery']",akira kurosawa,8.2,1950,1h 28m,"['toshirô mifune', 'machiko kyô', 'masayuki mori', 'takashi shimura', 'minoru chiaki']"
The Elephant Man,"['biography', 'drama']",david lynch,8.2,1980,2h 4m,"['anthony hopkins', 'john hurt', 'anne bancroft', 'john gielgud', 'wendy hiller']"
Howl's Moving Castle,"['animation', 'adventure', 'family']",hayao miyazaki,8.2,2004,1h 59m,"['chieko baishô', 'takuya kimura', 'tatsuya gashûin', 'akihiro miwa', 'ryunosuke kamiki']"
Chinatown,"['drama', 'mystery', 'thriller']",roman polanski,8.1,1974,2h 10m,"['jack nicholson', 'faye dunaway', 'john huston', 'perry lopez', 'john hillerman']"
Prisoners,"['crime', 'drama', 'mystery']",denis villeneuve,8.1,2013,2h 33m,"['hugh jackman', 'jake gyllenhaal', 'viola davis', 'melissa leo', 'maria bello']"
Dial M for Murder,"['crime', 'thriller']",alfred hitchcock,8.2,1954,1h 45m,"['ray milland', 'grace kelly', 'robert cummings', 'john williams', 'anthony dawson']"
Gone with the Wind,"['drama', 'romance', 'war']",victor fleminggeorge cukorsam wood,8.2,1939,3h 58m,"['clark gable', 'vivien leigh', 'thomas mitchell', ""barbara o'neil"", 'evelyn keyes']"
V for Vendetta,"['action', 'drama', 'sci-fi']",james mcteigue,8.2,2005,2h 12m,"['hugo weaving', 'natalie portman', 'rupert graves', 'stephen rea', 'stephen fry']"
"Lock, Stock and Two Smoking Barrels","['action', 'comedy', 'crime']",guy ritchie,8.1,1998,1h 47m,"['jason flemyng', 'dexter fletcher', 'nick moran', 'jason statham', 'steven mackintosh']"
The Secret in Their Eyes,"['drama', 'mystery', 'romance']",juan josé campanella,8.2,2009,2h 9m,"['ricardo darín', 'soledad villamil', 'pablo rago', 'carla quevedo', 'javier godino']"
Raging Bull,"['biography', 'drama', 'sport']",martin scorsese,8.1,1980,2h 9m,"['robert de niro', 'cathy moriarty', 'joe pesci', 'frank vincent', 'nicholas colasanto']"
Inside Out,"['animation', 'adventure', 'comedy']",pete docterronnie del carmen,8.1,2015,1h 35m,"['amy poehler', 'bill hader', 'lewis black', 'mindy kaling', 'phyllis smith']"
"Three Billboards Outside Ebbing, Missouri","['comedy', 'crime', 'drama']",martin mcdonagh,8.1,2017,1h 55m,"['frances mcdormand', 'woody harrelson', 'sam rockwell', 'caleb landry jones', 'kerry condon']"
Trainspotting,['drama'],danny boyle,8.1,1996,1h 33m,"['ewan mcgregor', 'ewen bremner', 'jonny lee miller', 'kevin mckidd', 'robert carlyle']"
The Bridge on the River Kwai,"['adventure', 'drama', 'war']",david lean,8.1,1957,2h 41m,"['william holden', 'alec guinness', 'jack hawkins', 'sessue hayakawa', 'james donald']"
Spider-Man: No Way Home,"['action', 'adventure', 'fantasy']",jon watts,8.2,2021,2h 28m,"['tom holland', 'zendaya', 'benedict cumberbatch', 'jacob batalon', 'jon favreau']"
Fargo,"['crime', 'thriller']",joel coenethan coen,8.1,1996,1h 38m,"['william h. macy', 'frances mcdormand', 'steve buscemi', 'peter stormare', 'kristin rudrüd']"
Godzilla Minus One,"['action', 'adventure', 'drama']",takashi yamazaki,8.3,2023,2h 4m,"['minami hamabe', 'sakura ando', 'ryunosuke kamiki', 'yuki yamada', 'munetaka aoki']"
Warrior,"['action', 'drama', 'sport']",gavin o'connor,8.1,2011,2h 20m,"['tom hardy', 'nick nolte', 'joel edgerton', 'jennifer morrison', 'frank grillo']"
Klaus,"['animation', 'adventure', 'comedy']",sergio pabloscarlos martínez lópez,8.2,2019,1h 36m,"['jason schwartzman', 'j.k. simmons', 'rashida jones', 'will sasso', 'neda margrethe labba']"
Catch Me If You Can,"['biography', 'crime', 'drama']",steven spielberg,8.1,2002,2h 21m,"['leonardo dicaprio', 'tom hanks', 'christopher walken', 'martin sheen', 'nathalie baye']"
Gran Torino,['drama'],clint eastwood,8.1,2008,1h 56m,"['clint eastwood', 'bee vang', 'christopher carley', 'ahney her', 'brian haley']"
My Neighbor Totoro,"['animation', 'comedy', 'family']",hayao miyazaki,8.1,1988,1h 26m,"['hitoshi takagi', 'noriko hidaka', 'chika sakamoto', 'shigesato itoi', 'sumi shimamoto']"
Million Dollar Baby,"['drama', 'sport']",clint eastwood,8.1,2004,2h 12m,"['hilary swank', 'clint eastwood', 'morgan freeman', 'jay baruchel', 'mike colter']"
Harry Potter and the Deathly Hallows - Part 2,"['adventure', 'family', 'fantasy']",david yates,8.1,2011,2h 10m,"['daniel radcliffe', 'emma watson', 'rupert grint', 'michael gambon', 'ralph fiennes']"
Children of Heaven,"['drama', 'family', 'sport']",majid majidi,8.2,1997,1h 29m,"['mohammad amir naji', 'amir farrokh hashemian', 'bahare seddiqi', 'nafise jafar-mohammadi', 'fereshte sarabandi']"
12 Years a Slave,"['biography', 'drama', 'history']",steve mcqueen,8.1,2013,2h 14m,"['chiwetel ejiofor', 'michael kenneth williams', 'michael fassbender', 'brad pitt', 'dwight henry']"
Blade Runner,"['action', 'drama', 'sci-fi']",ridley scott,8.1,1982,1h 57m,"['harrison ford', 'rutger hauer', 'sean young', 'edward james olmos', 'm. emmet walsh']"
Before Sunrise,"['drama', 'romance']",richard linklater,8.1,1995,1h 41m,"['ethan hawke', 'julie delpy', 'andrea eckert', 'hanno pöschl', 'karl bruckschwaiger']"
The Grand Budapest Hotel,"['adventure', 'comedy', 'crime']",wes anderson,8.1,2014,1h 39m,"['ralph fiennes', 'f. murray abraham', 'mathieu amalric', 'adrien brody', 'willem dafoe']"
Ben-Hur,"['adventure', 'drama']",william wyler,8.1,1959,3h 32m,"['charlton heston', 'jack hawkins', 'stephen boyd', 'haya harareet', 'hugh griffith']"
Barry Lyndon,"['adventure', 'drama', 'war']",stanley kubrick,8.1,1975,3h 5m,"[""ryan o'neal"", 'marisa berenson', 'patrick magee', 'hardy krüger', 'steven berkoff']"
Gone Girl,"['drama', 'mystery', 'thriller']",david fincher,8.1,2014,2h 29m,"['ben affleck', 'rosamund pike', 'neil patrick harris', 'tyler perry', 'carrie coon']"
The Gold Rush,"['adventure', 'comedy', 'drama']",charles chaplin,8.1,1925,1h 35m,"['charles chaplin', 'mack swain', 'tom murray', 'henry bergman', 'malcolm waite']"
Hacksaw Ridge,"['biography', 'drama', 'history']",mel gibson,8.1,2016,2h 19m,"['andrew garfield', 'sam worthington', 'luke bracey', 'teresa palmer', 'richard pyros']"
In the Name of the Father,"['biography', 'crime', 'drama']",jim sheridan,8.1,1993,2h 13m,"['daniel day-lewis', 'pete postlethwaite', 'alison crosbie', 'philip king', 'emma thompson']"
זכרונות מרצח,"['crime', 'drama', 'mystery']",bong joon ho,8.1,2003,2h 11m,"['song kang-ho', 'kim sang-kyung', 'kim roe-ha', 'song jae-ho', 'byun hee-bong']"
On the Waterfront,"['crime', 'drama', 'thriller']",elia kazan,8.1,1954,1h 48m,"['marlon brando', 'karl malden', 'lee j. cobb', 'rod steiger', 'pat henning']"
Dead Poets Society,"['comedy', 'drama']",peter weir,8.1,1989,2h 8m,"['robin williams', 'robert sean leonard', 'ethan hawke', 'josh charles', 'gale hansen']"
The General,"['action', 'adventure', 'comedy']",clyde bruckmanbuster keaton,8.1,1926,1h 18m,"['buster keaton', 'marion mack', 'glen cavender', 'jim farley', 'frederick vroom']"
The Deer Hunter,"['drama', 'war']",michael cimino,8.1,1978,3h 3m,"['robert de niro', 'christopher walken', 'john cazale', 'john savage', 'meryl streep']"
Relatos salvajes,"['comedy', 'drama', 'thriller']",damián szifron,8.1,2014,2h 2m,"['darío grandinetti', 'maría marull', 'mónica villa', 'diego starosta', 'marcelo frasca']"
Mad Max: Fury Road,"['action', 'adventure', 'sci-fi']",george miller,8.1,2015,2h,"['tom hardy', 'charlize theron', 'nicholas hoult', 'zoë kravitz', 'hugh keays-byrne']"
Sherlock Jr.,"['action', 'comedy', 'romance']",buster keaton,8.2,1924,5m,"['buster keaton', 'kathryn mcguire', 'joe keaton', 'erwin connelly', 'ward crane']"
"Monsters, Inc.","['animation', 'adventure', 'comedy']",pete docterdavid silvermanlee unkrich,8.1,2001,1h 32m,"['billy crystal', 'john goodman', 'mary gibbs', 'steve buscemi', 'james coburn']"
Wild Strawberries,"['drama', 'romance']",ingmar bergman,8.1,1957,1h 31m,"['victor sjöström', 'bibi andersson', 'ingrid thulin', 'gunnar björnstrand', 'jullan kindahl']"
The Third Man,"['film-noir', 'mystery', 'thriller']",carol reed,8.1,1949,1h 44m,"['orson welles', 'joseph cotten', 'alida valli', 'trevor howard', 'paul hörbiger']"
The Wages of Fear,"['adventure', 'drama', 'thriller']",henri-georges clouzot,8.2,1953,2h 11m,"['yves montand', 'charles vanel', 'peter van eyck', 'folco lulli', 'véra clouzot']"
Jaws,"['adventure', 'mystery', 'thriller']",steven spielberg,8.1,1975,2h 4m,"['roy scheider', 'robert shaw', 'richard dreyfuss', 'lorraine gary', 'murray hamilton']"
How to Train Your Dragon,"['animation', 'action', 'adventure']",dean debloischris sanders,8.1,2010,1h 38m,"['jay baruchel', 'gerard butler', 'christopher mintz-plasse', 'craig ferguson', 'america ferrera']"
Mary and Max.,"['animation', 'comedy', 'drama']",adam elliot,8.1,2009,1h 32m,"['toni collette', 'philip seymour hoffman', 'eric bana', 'barry humphries', 'christopher massey']"
Mr,"['comedy', 'drama']",frank capra,8.1,1939,2h 9m,"['james stewart', 'jean arthur', 'claude rains', 'edward arnold', 'guy kibbee']"
Ford v Ferrari,"['action', 'biography', 'drama']",james mangold,8.1,2019,2h 32m,"['matt damon', 'christian bale', 'jon bernthal', 'caitríona balfe', 'josh lucas']"
Ratatouille,"['animation', 'adventure', 'comedy']",brad birdjan pinkava,8.1,2007,1h 51m,"['brad garrett', 'lou romano', 'patton oswalt', 'ian holm', 'brian dennehy']"
Det sjunde inseglet,"['drama', 'fantasy']",ingmar bergman,8.1,1957,1h 36m,"['max von sydow', 'gunnar björnstrand', 'bengt ekerot', 'nils poppe', 'bibi andersson']"
Room,"['drama', 'thriller']",lenny abrahamson,8.1,2015,1h 58m,"['brie larson', 'jacob tremblay', 'sean bridgers', 'wendy crewson', 'sandy mcmaster']"
The Big Lebowski,"['comedy', 'crime']",joel coenethan coen,8.1,1998,1h 57m,"['jeff bridges', 'john goodman', 'julianne moore', 'steve buscemi', 'david huddleston']"
Tokyo Story,['drama'],yasujirô ozu,8.1,1953,2h 16m,"['chishû ryû', 'chieko higashiyama', 'sô yamamura', 'setsuko hara', 'haruko sugimura']"
Rocky,"['drama', 'sport']",john g. avildsen,8.1,1976,2h,"['sylvester stallone', 'talia shire', 'burt young', 'carl weathers', 'burgess meredith']"
Logan,"['action', 'drama', 'sci-fi']",james mangold,8.1,2017,2h 17m,"['hugh jackman', 'patrick stewart', 'dafne keen', 'boyd holbrook', 'stephen merchant']"
Hotel Rwanda,"['biography', 'drama', 'history']",terry george,8.1,2004,2h 1m,"['don cheadle', 'sophie okonedo', 'joaquin phoenix', 'xolani mali', 'desmond dube']"
Spotlight,"['biography', 'crime', 'drama']",tom mccarthy,8.1,2015,2h 9m,"['mark ruffalo', 'michael keaton', 'rachel mcadams', 'liev schreiber', 'john slattery']"
Platoon,"['drama', 'war']",oliver stone,8.1,1986,2h,"['charlie sheen', 'tom berenger', 'willem dafoe', 'keith david', 'forest whitaker']"
The Terminator,"['action', 'sci-fi']",james cameron,8.1,1984,1h 47m,"['arnold schwarzenegger', 'linda hamilton', 'michael biehn', 'paul winfield', 'lance henriksen']"
The Passion of Joan of Arc,"['biography', 'drama', 'history']",carl theodor dreyer,8.1,1928,1h 50m,"['maria falconetti', 'eugene silvain', 'andré berley', 'maurice schutz', 'antonin artaud']"
Jai Bhim,"['crime', 'drama', 'mystery']",t.j. gnanavel,8.7,2021,2h 44m,"['suriya', 'lijo mol jose', 'manikandan k.', 'rajisha vijayan', 'prakash raj']"
Antes del atardecer,"['drama', 'romance']",richard linklater,8.1,2004,1h 20m,"['ethan hawke', 'julie delpy', 'vernon dobtcheff', 'louise lemoine torrès', 'rodolphe pauly']"
The Best Years of Our Lives,"['drama', 'romance', 'war']",william wyler,8.1,1946,2h 50m,"['myrna loy', 'dana andrews', 'fredric march', 'teresa wright', 'virginia mayo']"
La haine,"['crime', 'drama']",mathieu kassovitz,8.1,1995,1h 38m,"['vincent cassel', 'hubert koundé', 'saïd taghmaoui', 'abdel ahmed ghili', 'solo']"
Rush,"['action', 'biography', 'drama']",ron howard,8.1,2013,2h 3m,"['daniel brühl', 'chris hemsworth', 'olivia wilde', 'alexandra maria lara', 'pierfrancesco favino']"
The Exorcist,['horror'],william friedkin,8.1,1973,2h 2m,"['ellen burstyn', 'max von sydow', 'linda blair', 'lee j. cobb', 'kitty winn']"
Network,['drama'],sidney lumet,8.1,1976,2h 1m,"['faye dunaway', 'william holden', 'peter finch', 'robert duvall', 'wesley addy']"
Pirates of the Caribbean: The Curse of the Black Pearl,"['action', 'adventure', 'fantasy']",gore verbinski,8.1,2003,2h 23m,"['johnny depp', 'geoffrey rush', 'orlando bloom', 'keira knightley', 'jack davenport']"
Stand by Me,"['adventure', 'comedy', 'drama']",rob reiner,8.1,1986,1h 29m,"['wil wheaton', 'river phoenix', 'corey feldman', ""jerry o'connell"", 'kiefer sutherland']"
The Wizard of Oz,"['adventure', 'family', 'fantasy']",victor flemingking vidor,8.1,1939,1h 42m,"['judy garland', 'frank morgan', 'ray bolger', 'bert lahr', 'jack haley']"
Los increíbles,"['animation', 'action', 'adventure']",brad bird,8.0,2004,1h 55m,"['craig t. nelson', 'samuel l. jackson', 'holly hunter', 'jason lee', 'dominique louis']"
Into the Wild,"['adventure', 'biography', 'drama']",sean penn,8.1,2007,2h 28m,"['emile hirsch', 'vince vaughn', 'catherine keener', 'marcia gay harden', 'william hurt']"
Hachi: A Dog's Tale,"['biography', 'drama', 'family']",lasse hallström,8.1,2009,1h 33m,"['richard gere', 'joan allen', 'cary-hiroyuki tagawa', 'sarah roemer', 'jason alexander']"
The Handmaiden,"['drama', 'romance', 'thriller']",park chan-wook,8.1,2016,2h 25m,"['kim min-hee', 'ha jung-woo', 'cho jin-woong', 'moon so-ri', 'kim tae-ri']"
Babam ve Oglum,"['drama', 'family']",çagan irmak,8.2,2005,1h 52m,"['çetin tekindor', 'fikret kuskan', 'hümeyra', 'ege tanman', 'serif sezer']"
To Be or Not to Be,"['comedy', 'romance', 'war']",ernst lubitsch,8.1,1942,1h 39m,"['carole lombard', 'jack benny', 'robert stack', 'felix bressart', 'lionel atwill']"
La battaglia di Algeri,"['drama', 'war']",gillo pontecorvo,8.1,1966,2h 1m,"['brahim hadjadj', 'jean martin', 'yacef saadi', 'samia kerbash', 'ugo paletti']"
The Grapes of Wrath,['drama'],john ford,8.1,1940,2h 9m,"['henry fonda', 'jane darwell', 'john carradine', 'charley grapewin', 'dorris bowdon']"
Groundhog Day,"['comedy', 'drama', 'fantasy']",harold ramis,8.0,1993,1h 41m,"['bill murray', 'andie macdowell', 'chris elliott', 'stephen tobolowsky', 'brian doyle-murray']"
The Sound of Music,"['biography', 'drama', 'family']",robert wise,8.1,1965,2h 52m,"['julie andrews', 'christopher plummer', 'eleanor parker', 'richard haydn', 'peggy wood']"
Amores perros,"['drama', 'thriller']",alejandro g. iñárritu,8.1,2000,2h 34m,"['emilio echevarría', 'gael garcía bernal', 'goya toledo', 'álvaro guerrero', 'vanessa bauche']"
Rebecca,"['drama', 'mystery', 'romance']",alfred hitchcock,8.1,1940,2h 10m,"['laurence olivier', 'joan fontaine', 'george sanders', 'judith anderson', 'nigel bruce']"
Cool Hand Luke,"['crime', 'drama']",stuart rosenberg,8.1,1967,2h 7m,"['paul newman', 'george kennedy', 'strother martin', 'j.d. cannon', 'lou antonio']"
The Iron Giant,"['animation', 'action', 'adventure']",brad bird,8.1,1999,1h 26m,"['eli marienthal', 'harry connick jr.', 'jennifer aniston', 'vin diesel', 'james gammon']"
The Help,['drama'],tate taylor,8.1,2011,2h 26m,"['viola davis', 'emma stone', 'octavia spencer', 'bryce dallas howard', 'jessica chastain']"
It Happened One Night,"['comedy', 'romance']",frank capra,8.1,1934,1h 45m,"['clark gable', 'claudette colbert', 'walter connolly', 'roscoe karns', 'jameson thomas']"
Les quatre cents coups,"['crime', 'drama']",françois truffaut,8.1,1959,1h 39m,"['jean-pierre léaud', 'albert rémy', 'claire maurier', 'guy decomble', 'georges flamant']"
Gangs of Wasseypur,"['action', 'comedy', 'crime']",anurag kashyap,8.2,2012,5h 21m,"['manoj bajpayee', 'nawazuddin siddiqui', 'tigmanshu dhulia', 'richa chadha', 'reema sen']"
Aladdin,"['animation', 'adventure', 'comedy']",ron clementsjohn musker,8.0,1992,1h 30m,"['scott weinger', 'robin williams', 'linda larkin', 'jonathan freeman', 'frank welker']"
